"review_id","session_id","session_title","rating","review_text","review_date","reviewer","source_url"
"76e15f0cdd8ed60483b0603212b4fb2f","reducing-new-mom-stress-by-psychologist-sergiu-toma",,4,"I found in this journey very important ideas of motherhood, the most important idea that resonates with my inner mood is ‚ÄúMaintaining an intense pace for the next few years is not sustainable‚Äù.  I realized that sometimes ask too much from myself, but giving birth to a child and caring of him is already an important and valuable role. And I should appreciate myself more often for this and take another extra tasks more easily. 
 I also realized that I need recognition and validation from my loved ones and will tell my husband about this, because a few words help me maintain a balanced mood. 
It was a good journey of reflexion on own thoughts. Wish good luck to creators of this this application in developing useful journeys for everyone !     (4)Olga T.a year ago","2024-11-10",,"https://selftalk.space/journey/reducing-new-mom-stress-by-psychologist-sergiu-toma"
"86a99760398f6ef5c820bb802193b158","reducing-new-mom-stress-by-psychologist-sergiu-toma",,4,"I didn't realize that motherhood started since the moment I became pregnant and somehow I forgot to appreciate all the efforts I've done since then.     (4)Nina V.a year ago","2024-11-10",,"https://selftalk.space/journey/reducing-new-mom-stress-by-psychologist-sergiu-toma"
"a7b414583a13712a1b8555493980278a","feeling-enough",,4,"I need to accept and allow my own emotions to come up within myself and know how to navigate them without giving in to them if I have any shot at successfully sharing them with others when looking for support or guidance without the situation resulting in feeling severely misunderstood or giving in to the intense thing I‚Äôm feeling causing me to act out against those I love     (4)Grace J.a month ago","2025-10-10",,"https://selftalk.space/journey/feeling-enough"
"34f665e0f713f699f89a5fd114b0d8c1","feeling-enough",,5,"Its good to get feelings out     (5)Grant B.2 months ago","2025-09-10",,"https://selftalk.space/journey/feeling-enough"
"c8577c65791e5fd66b6f9d3e83c84e76","feeling-enough",,5,"Reflexi√≥n     (5)Argentina K.2 months ago","2025-09-10",,"https://selftalk.space/journey/feeling-enough"
"9b2e2a421b398fab399491815b180cef","feeling-enough",,4,"Keep practicing     (4)Lynn M.3 months ago","2025-08-10",,"https://selftalk.space/journey/feeling-enough"
"9227643fc68024b200f004068ab710e8","feeling-enough",,5,"It was so surprising to link my current feeling of not performing well enough to a specific situation from my childhood with my grandpa. Reflecting on what I would have loved to hear from my grandpa back then instantly changed my state. I felt so loved and accepted!     (5)Ele J.6 months ago","2025-05-10",,"https://selftalk.space/journey/feeling-enough"
"d1b6d32a7604cb2ddcb16288ca382aa2","feeling-enough",,5,"Helpful! Good insights! Well paced!     (5)Samantha S.6 months ago","2025-05-10",,"https://selftalk.space/journey/feeling-enough"
"8e251bd49775b979be1d58b0f57bec58","feeling-enough",,5,"I worked on the feeling of not being enough to make money and the journey brought up events where I formed the belief that  I consider myself ""poor"". It also helped me see the gift behind this ""being poor"" state and understand why it hurts me. My gift is to be resourceful and when I limit myself, I suffer. The journey shifted my perspective over the problem with working hard and for no money.     (5)Viorica V.6 months ago","2025-05-10",,"https://selftalk.space/journey/feeling-enough"
"35f67728366946ffeca60b711dbcd897","feeling-enough",,5,"There was some insightful information along the way, and I've realised what the problem or the root cause of my feeling is, but I'm still not sure how to make it go away.     (5)Iulian G.7 months ago","2025-04-10",,"https://selftalk.space/journey/feeling-enough"
"1b99ee44d3d172ffabf068cd62272a38","feeling-enough",,5,"Well I love the journey. It‚Äôs probably one of the most in depth and better journeys on the app, especially considering the questions asked. And Viorica helped brainstorm it ;) from personal experience. It‚Äôs relatable, real, and amazing.     (5)Andre B.7 months ago","2025-04-10",,"https://selftalk.space/journey/feeling-enough"
"868a9d1fea0abd66b589c833cbc9ee7c","feeling-enough",,5,"Focus on actions that fulfill the unmet need, rather than on what you think you lack.     (5)Ana Maria G.8 months ago","2025-03-10",,"https://selftalk.space/journey/feeling-enough"
"2639de146d66f15ddd44e922fdb3c16b","feeling-enough",,5,"I should love myself in the way I am and that its okay to be exactly like that.     (5)Jens W.8 months ago","2025-03-10",,"https://selftalk.space/journey/feeling-enough"
"42128ff2acac9914378405aebb358d35","feeling-enough",,5,"The introspective questions in this journey helped me define what 'being enough' means to me.
I‚Äôve realized that, for me, 'being enough' is a temporary state of mind that occurs when my present self is not aligned with the self I aspire to be.
Acknowledging this helps me focus on narrowing the gap between who I am and who I want to become by setting a clear direction and action plan.
These steps help reduce anxiety and increase my self-confidence.     (5)Mihaela T.9 months ago","2025-02-10",,"https://selftalk.space/journey/feeling-enough"
"09d4c7ab1033fda6f8f482b3bd911dcb","feeling-enough",,4,"I learned what I'm in fear of and how it can make me unfocused on being in the present.     (4)Marcus F.9 months ago","2025-02-10",,"https://selftalk.space/journey/feeling-enough"
"a204e3702269cb6a1f02ad14ae087614","feeling-enough",,5,"Thank you for helpiiing meeeeeeeeeeeeeeee but i still think im ugly and unworthy.     (5)Lilly H.a year ago","2024-11-10",,"https://selftalk.space/journey/feeling-enough"
"153d58761263a4c1f3513b4b2537262c","feeling-enough",,5,"Good introspective questions.     (5)Adrian P.a year ago","2024-11-10",,"https://selftalk.space/journey/feeling-enough"
"54b34a90342457efefd021c041766e8b","managing-anger-as-a-parent-by-psychologist-adela-moldovan",,5,"Great experience     (5)Iurie B.9 months ago","2025-02-10",,"https://selftalk.space/journey/managing-anger-as-a-parent-by-psychologist-adela-moldovan"
"9cd17dd1aa9db2805e6a4571fe19d8d4","managing-anger-as-a-parent-by-psychologist-adela-moldovan",,5,"On this journey, I reminded and asked myself questions about the need to replenish my inner resources, because the role of a parent is so complex and not always really appreciated. Due to the application, I understood why we come to conflict with children, because we cannot satisfy our personal needs. I will try to be more careful to myself and dedicate time to replenishing my resources so that negative emotions do not accumulate. I‚Äôm thankful to creators of application that made me remind very important questions in relationship with my kids and made me feel better.     (5)Olga T.a year ago","2024-11-10",,"https://selftalk.space/journey/managing-anger-as-a-parent-by-psychologist-adela-moldovan"
"639f86b9691e5fae4558beac53339f2d","managing-anger-as-a-parent-by-psychologist-adela-moldovan",,5,"It was a gently reminder that it‚Äôs all interconnected: often, when my needs are not satisfied I can be angry and I‚Äôm not really listening the needs of my child. I can choose to reflect often with calm and just be there for me and for her..     (5)Cezara P.a year ago","2024-11-10",,"https://selftalk.space/journey/managing-anger-as-a-parent-by-psychologist-adela-moldovan"
"9852be31c4a7db98a79327929204b4a9","how-to-set-boundaries-at-work-by-psychologist-maria-dimitreli",,4,"It was enlightening to realize that setting boundaries depends on my values and on the fears I carry.     (4)Serafima S.a month ago","2025-10-10",,"https://selftalk.space/journey/how-to-set-boundaries-at-work-by-psychologist-maria-dimitreli"
"a6d3244c475cb636b2da886437a4cd51","how-to-set-boundaries-at-work-by-psychologist-maria-dimitreli",,5,"I loved this session. I worked on the boundary of putting others before me, and it helped me see my own value so I can change the situation I came with and act differently.     (5)Viorica V.a month ago","2025-10-10",,"https://selftalk.space/journey/how-to-set-boundaries-at-work-by-psychologist-maria-dimitreli"
"01fc3b117228c956d118f9fdc52477be","how-to-set-boundaries-at-work-by-psychologist-maria-dimitreli",,5,"Next time when my boundary is crossed I will understand what bothers me, why it has a value for me and act based on my value.     (5)Ana Maria G.8 months ago","2025-03-10",,"https://selftalk.space/journey/how-to-set-boundaries-at-work-by-psychologist-maria-dimitreli"
"2f0eaa4a349be12feb047d1a308ab461","how-to-set-boundaries-at-work-by-psychologist-maria-dimitreli",,4,"Thank you for a thoughtful reflective journey on this topic.     (4)Nadejda T.9 months ago","2025-02-10",,"https://selftalk.space/journey/how-to-set-boundaries-at-work-by-psychologist-maria-dimitreli"
"73cf4b37863a83128b2c9df21a5bbb0a","how-to-set-boundaries-at-work-by-psychologist-maria-dimitreli",,5,"Great line of thought. I understood that being centred is one of my values that helps me respect my boundaries between my professional life, my love life and my personal time.     (5)Elena O.a year ago","2024-11-10",,"https://selftalk.space/journey/how-to-set-boundaries-at-work-by-psychologist-maria-dimitreli"
"9cbb09583445c116d38a582b4c6eabaa","how-to-set-boundaries-at-work-by-psychologist-maria-dimitreli",,5,"I feel a solid 9 out of 10 in terms of confidence about setting and respecting my boundaries after completing this journey. The biggest learning for me has been the importance of understanding what truly matters to me‚Äîmy values‚Äîand how they can guide my actions. Recognizing that protecting my well-being, self-worth, and self-respect is not just a necessity, but also a reflection of my values, has shifted my mindset. I‚Äôve learned that boundaries aren‚Äôt about shutting others out but about honoring myself and the things that help me thrive.
This journey has given me clarity on how to respond when my boundaries are tested, and it‚Äôs empowering to know that I have the ability to act in alignment with what I value, without guilt or fear. I now understand that setting boundaries is an act of self-respect and is essential for maintaining a healthy, balanced life.     (5)Ruxandra S.a year ago","2024-11-10",,"https://selftalk.space/journey/how-to-set-boundaries-at-work-by-psychologist-maria-dimitreli"
"f9d9c02d277a72ff735ee44b37e7522a","how-to-set-boundaries-at-work-by-psychologist-maria-dimitreli",,4,"The line of thought seemed interesting but I felt the whole experience left me in the same place where it found me.     (4)Florin V.a year ago","2024-11-10",,"https://selftalk.space/journey/how-to-set-boundaries-at-work-by-psychologist-maria-dimitreli"
"bb31e03db3456dd5d06734b1efb3426e","how-to-set-boundaries-at-work-by-psychologist-maria-dimitreli",,5,"It was an insightful therapy. Now I know how to act when my boundaries are not respected. Thank you Selftalk team     (5)Svetlana D.a year ago","2024-11-10",,"https://selftalk.space/journey/how-to-set-boundaries-at-work-by-psychologist-maria-dimitreli"
"d9f23b4ab921e71ff1a0be07b88d6eaf","how-to-set-boundaries-at-work-by-psychologist-maria-dimitreli",,5,"This journey was short but absolutely necessary. Respecting personal boundaries is a must. Everybody need to comprehend the concept of respecting ourselves and others.     (5)Diana B.a year ago","2024-11-10",,"https://selftalk.space/journey/how-to-set-boundaries-at-work-by-psychologist-maria-dimitreli"
"c280e252b8796b4a065e4c3952aeb514","how-to-set-boundaries-at-work-by-psychologist-maria-dimitreli",,5,"Great journey! 
I have no reason anymore to feel guilty for letting others cross my boundary. Now I discovered the beautiful value behind the boundary that was crossed and I can proactively act upon that value.     (5)Olga C.a year ago","2024-11-10",,"https://selftalk.space/journey/how-to-set-boundaries-at-work-by-psychologist-maria-dimitreli"
"a1a5f2743e9471a616da93b2a4eeb4b7","why-am-I-sad",,5,"Creo que debo de dejar de luchar y batallar con gente que siempre sencillamente no le interesas ni quiere cambiar, ni ni me importan lo que te hace sentir o los problemas que te causan, creo que yo simplemente tengo que apartarme de esas personas y alejarme, y reconocer que son esa clase de tipo de personas sumamente ego√≠stas y centradas en s√≠ misma as√≠ Apartarme de ellas en vez de querer hablar, convencer, comunicar o tener una gran relaci√≥n, simplemente apartarme     (5)Argentina K.2 months ago","2025-09-10",,"https://selftalk.space/journey/why-am-I-sad"
"4ecf63231be756867afa2dc7d57e56c2","why-am-I-sad",,3,"Preciso falar     (3)Francisco S.2 months ago","2025-09-10",,"https://selftalk.space/journey/why-am-I-sad"
"0ef25655408540735668ea6f41b940f2","why-am-I-sad",,2,"None     (2)S S.3 months ago","2025-08-10",,"https://selftalk.space/journey/why-am-I-sad"
"7b20427b1ddcd5f711d7749ed253ed4c","why-am-I-sad",,5,"This journeys helped me put my sadness into words, not run away from it but welcome it because it‚Äôs normal!     (5)Ele J.6 months ago","2025-05-10",,"https://selftalk.space/journey/why-am-I-sad"
"6922df480952122c9dd49989ed50d1b7","why-am-I-sad",,5,"I did a journey on sadness about a guy who keeps writing to me, but he doesn‚Äôt really want anything serious. I‚Äôve been allowing it, without clearly asking, ‚ÄúHey, why are you still writing to me? What do you actually want?‚Äù
I liked that the journey helped me see this hurts because I really value clarity - and when things are blurry, it‚Äôs painful. It made it easier for me to go and ask him directly.     (5)Viorica V.6 months ago","2025-05-10",,"https://selftalk.space/journey/why-am-I-sad"
"d9aca62ead2dd7b3bddb36da18a297ec","why-am-I-sad",,5,"Sadness isn‚Äôt an enemy, it can be a friend. I completed ""Releasing the Sadness"" and it changed my perspective. I learned to see sadness with gentle eyes, without fear and to accept it as a normal part of life. Highly recommend this course.¬†     (5)Ana Maria G.8 months ago","2025-03-10",,"https://selftalk.space/journey/why-am-I-sad"
"9f43a46698c102777efbdc2b378a5dfb","why-am-I-sad",,5,"I loved this journey. It was insightful and simple to work through. Thank you self talk!     (5)Elena A.9 months ago","2025-02-10",,"https://selftalk.space/journey/why-am-I-sad"
"a0368d7f4cafa32a91064b7aee6e5cbc","why-am-I-sad",,5,"Very useful session.     (5)Marcela P.9 months ago","2025-02-10",,"https://selftalk.space/journey/why-am-I-sad"
"68e41e3727ac4508e2827bb8fff222b0","why-am-I-sad",,5,"It‚Äôs okay to feel sad. Sadness is a natural part of who I am, and it doesn‚Äôt define my worth or strength. Instead of resisting it, I‚Äôve learned that true power comes from acceptance. Acknowledging my sadness allows me to understand it, sit with it, and even find meaning within it. It‚Äôs not about suppressing emotions but embracing them as part of my human experience. When I choose to ‚Äúplay‚Äù with my sadness, I give myself permission to explore it with curiosity rather than fear. This mindset transforms sadness from a burden into a teacher, helping me grow, reflect, and ultimately become more resilient.     (5)M√Ærzac N.9 months ago","2025-02-10",,"https://selftalk.space/journey/why-am-I-sad"
"14dc07b490c9894033641deef5371a8b","why-am-I-sad",,5,"Great one!     (5)Adrian P.10 months ago","2025-01-10",,"https://selftalk.space/journey/why-am-I-sad"
"e3e72649abc810fe565a452b4a21777e","why-am-I-sad",,5,"It's normal to be sad, it's important to notice your feelings, take time to release to he sadness through the you you feel you can do it.     (5)Maria J.a year ago","2024-11-10",,"https://selftalk.space/journey/why-am-I-sad"
"d9bcf1d707d1c48484e622e4439a3767","why-am-I-sad",,5,"I fully accepted my sadness, I could feel it, and then think clearly about it and also in the end I could release it in my body. I allowed myself to cry, and also to give myself a warm hug in the end. What a nice journey indeed.     (5)Ruxandra S.a year ago","2024-11-10",,"https://selftalk.space/journey/why-am-I-sad"
"9a9b2f111ceea21eea11e02d19331fad","feeling-close-to-burnout-somatic-coach-nicola-ruhnau",,5,"Would love to become better at DJ-ing with my emotions ü´∂     (5)Tina A.8 months ago","2025-03-10",,"https://selftalk.space/journey/feeling-close-to-burnout-somatic-coach-nicola-ruhnau"
"86f96ce08dae4276b3fd38fd5de2ef55","feeling-close-to-burnout-somatic-coach-nicola-ruhnau",,4,"Learned to have more glimmers.     (4)Ana Maria G.8 months ago","2025-03-10",,"https://selftalk.space/journey/feeling-close-to-burnout-somatic-coach-nicola-ruhnau"
"77bc9a0461dd6d9cd0bf485717e85fec","feeling-close-to-burnout-somatic-coach-nicola-ruhnau",,5,"Glimmers help ease the burdens of an impending burnout. Also, Nicola is my fave!     (5)Andre B.8 months ago","2025-03-10",,"https://selftalk.space/journey/feeling-close-to-burnout-somatic-coach-nicola-ruhnau"
"6c9b40792449be56ead677ec7d05eade","feeling-close-to-burnout-somatic-coach-nicola-ruhnau",,5,"Making glimmers a daily thing and learning to switch states like a DJ.     (5)Florin M.9 months ago","2025-02-10",,"https://selftalk.space/journey/feeling-close-to-burnout-somatic-coach-nicola-ruhnau"
"a929fdc35cb6fb9bb7dd672ffcefa680","feeling-close-to-burnout-somatic-coach-nicola-ruhnau",,5,"I am very excited to add more glimmers in my day - intentionally do tiny habits as glimmers!     (5)Elena O.9 months ago","2025-02-10",,"https://selftalk.space/journey/feeling-close-to-burnout-somatic-coach-nicola-ruhnau"
"db3f3fc732b399c220535fe7606195b8","feeling-close-to-burnout-somatic-coach-nicola-ruhnau",,5,"For a highly independent human like me, this self therapy journey means a lot. It gives me comfort to do things by myself, such as understanding why I feel burnout, and still guides me so I am sure I‚Äôm doing the right stuff. Finally, got to find out the idea - that one cm is enough to get me to the 1st meter and then km. I‚Äôm ok. And that‚Äôs the deal. 

Thank you Selftalk     (5)Argentina B.9 months ago","2025-02-10",,"https://selftalk.space/journey/feeling-close-to-burnout-somatic-coach-nicola-ruhnau"
"a55774be01c4fcb7124c75aca7365862","feeling-close-to-burnout-somatic-coach-nicola-ruhnau",,5,"Thank you for this conscious journey when I have time for understanding myself.     (5)Maria J.10 months ago","2025-01-10",,"https://selftalk.space/journey/feeling-close-to-burnout-somatic-coach-nicola-ruhnau"
"3200c83e664ea0afc90c1606aa9fbefd","feeling-close-to-burnout-somatic-coach-nicola-ruhnau",,5,"This session helped reflect on my bad habits that bring me short term happiness and understand what are the small things I should do in order to feel better and improve my well-being, activities I should focus on, like my health and state of mind and won't bring more harm longterm.     (5)Milena O.10 months ago","2025-01-10",,"https://selftalk.space/journey/feeling-close-to-burnout-somatic-coach-nicola-ruhnau"
"c12c4533565d52b4be121249b832ca21","feeling-close-to-burnout-somatic-coach-nicola-ruhnau",,5,"Being the DJ of emotions. That's a hard exercise but I think it could work.     (5)Lai A.10 months ago","2025-01-10",,"https://selftalk.space/journey/feeling-close-to-burnout-somatic-coach-nicola-ruhnau"
"a17fa511e0ae453e627eb908e2722df2","feeling-close-to-burnout-somatic-coach-nicola-ruhnau",,5,"I found it useful.

It is a clear friendly helpful course.     (5)Tim P.a year ago","2024-11-10",,"https://selftalk.space/journey/feeling-close-to-burnout-somatic-coach-nicola-ruhnau"
"4c6db39e35c35251d99d4bbc97a72590","feeling-close-to-burnout-somatic-coach-nicola-ruhnau",,5,"The main takeaway from this journey is how powerful self-awareness can be. This experience has taught me the importance of truly listening to my body and emotions, recognizing the stressors that pull me down, and discovering the glimmers that lift me up. It‚Äôs been an eye-opening process, revealing just how much control I have over my emotional state. I now understand that taking care of myself means being intentional about where I focus my energy and attention.
This has been a deeply transformative journey, one that has given me tools to navigate the challenges of life with more ease, while embracing the positive emotions that come from the things I love. I‚Äôm leaving this experience with a sense of clarity, gratitude, and confidence that I can sustain my well-being by simply being more present and aware.     (5)Ruxandra S.a year ago","2024-11-10",,"https://selftalk.space/journey/feeling-close-to-burnout-somatic-coach-nicola-ruhnau"
"1f1663ad492f8636272697f9080a54f8","feeling-close-to-burnout-somatic-coach-nicola-ruhnau",,5,"This practice is pleasant to engage with because it is broken down into simple steps and key points, which nonetheless allow me to view unconscious processes from an outside perspective. 
It helps me reassess certain things and confirm other things for myself, so I can consciously apply the recommendations in the future.     (5)Irena C.a year ago","2024-11-10",,"https://selftalk.space/journey/feeling-close-to-burnout-somatic-coach-nicola-ruhnau"
"15333fe91e1d963fe1ad25e6e288a012","how-to-overcome-procrastination-by-psychologist-dr-fuschia-sirois",,5,"Alegiti calea »ôi dai foc la ghete dind maximul in proces!     (5)Andrei S.3 months ago","2025-08-10",,"https://selftalk.space/journey/how-to-overcome-procrastination-by-psychologist-dr-fuschia-sirois"
"216fdc1cb126508b0ef96fd8979cfa00","how-to-overcome-procrastination-by-psychologist-dr-fuschia-sirois",,5,"It calmed me down and changed how I see what posting online means for me. It helped me reframe my fear of being exposed and see ‚Äúposting online‚Äù through the lens of my value.     (5)Viorica V.3 months ago","2025-08-10",,"https://selftalk.space/journey/how-to-overcome-procrastination-by-psychologist-dr-fuschia-sirois"
"6ad7a87cf34e6e414910fcf7e2078dfb","how-to-overcome-procrastination-by-psychologist-dr-fuschia-sirois",,5,"It's something that makes you much more aware.     (5)Belous S.5 months ago","2025-06-10",,"https://selftalk.space/journey/how-to-overcome-procrastination-by-psychologist-dr-fuschia-sirois"
"e98a037eaf437afc6a252814550a5d20","how-to-overcome-procrastination-by-psychologist-dr-fuschia-sirois",,5,"Raised some questions for myself.     (5)Costa C.5 months ago","2025-06-10",,"https://selftalk.space/journey/how-to-overcome-procrastination-by-psychologist-dr-fuschia-sirois"
"4e0933939fa00ffd5d06381a7687c998","how-to-overcome-procrastination-by-psychologist-dr-fuschia-sirois",,5,"Sweet! Very nice app, guiding through the process and understanding the motives behind procrastination.     (5)Denis A.5 months ago","2025-06-10",,"https://selftalk.space/journey/how-to-overcome-procrastination-by-psychologist-dr-fuschia-sirois"
"0467480a778e873ed2919739532712fd","how-to-overcome-procrastination-by-psychologist-dr-fuschia-sirois",,5,"It helped me understand that procrastination is a just coping mechanism to deal with the emotion I associate with the task I delay on doing.     (5)Denis A.5 months ago","2025-06-10",,"https://selftalk.space/journey/how-to-overcome-procrastination-by-psychologist-dr-fuschia-sirois"
"1fe36b0fe44b5cda55b0da075a681fa6","how-to-overcome-procrastination-by-psychologist-dr-fuschia-sirois",,4,"It made the reason and solution more clear.
It gave me some peace of mind regarding the problem.
I paved the thought of a necessary shift of ambiance and habits for a better life.     (4)Sandu C.5 months ago","2025-06-10",,"https://selftalk.space/journey/how-to-overcome-procrastination-by-psychologist-dr-fuschia-sirois"
"8654f39c8730049b4ba9617a88d02986","how-to-overcome-procrastination-by-psychologist-dr-fuschia-sirois",,5,"It helped me understand that I bring my childhood fear of rejection into business and that I need to bring peace in my heart regarding rejection with my dad.     (5)Viorica V.5 months ago","2025-06-10",,"https://selftalk.space/journey/how-to-overcome-procrastination-by-psychologist-dr-fuschia-sirois"
"98b31bcf0d23005c0b59b87cd15088da","how-to-overcome-procrastination-by-psychologist-dr-fuschia-sirois",,5,"I'm too self critical. I should give myself more credit for the things I‚Äôve done thus far in my life.     (5)Ethan L.5 months ago","2025-06-10",,"https://selftalk.space/journey/how-to-overcome-procrastination-by-psychologist-dr-fuschia-sirois"
"28e90fe411b9cc852fc3d3e9906764af","how-to-overcome-procrastination-by-psychologist-dr-fuschia-sirois",,5,"I did this journey on procrastinating to do 10k steps a day. I found out at the root cause was ‚Äúfeeling obligated‚Äù to do it because all experts recommend it. As a result, o created a new are array of thoughts about this activity to train my brain that this is a wise choice not an obligation. It wasn‚Äôt easy but I loved it!     (5)Ele J.5 months ago","2025-06-10",,"https://selftalk.space/journey/how-to-overcome-procrastination-by-psychologist-dr-fuschia-sirois"
"fd3cd869e6b71373a997ca6d7b1f08ae","how-to-overcome-procrastination-by-psychologist-dr-fuschia-sirois",,5,"I loved the part of taming the emotions that is at the root cause of my procrastination! 
It was really useful to stay with this emotion and process it!     (5)Ele J.6 months ago","2025-05-10",,"https://selftalk.space/journey/how-to-overcome-procrastination-by-psychologist-dr-fuschia-sirois"
"fed6375203dd6f6fb3ab6d299ed4cafe","how-to-overcome-procrastination-by-psychologist-dr-fuschia-sirois",,5,"It‚Äôs interesting to think about procrastination through different lenses I had not yet considered, it‚Äôs not all bad but can really just be a guiding light towards deeper issues. it was an insightful journey and reframe!     (5)Alex K.6 months ago","2025-05-10",,"https://selftalk.space/journey/how-to-overcome-procrastination-by-psychologist-dr-fuschia-sirois"
"60dc03a1c015e1a1141dd9dcc3c76429","how-to-overcome-procrastination-by-psychologist-dr-fuschia-sirois",,5,"Incredibly helpful. I had never understood the true reasons for procrastination! Very grateful for the journey and the wisdom.     (5)Boriana G.8 months ago","2025-03-10",,"https://selftalk.space/journey/how-to-overcome-procrastination-by-psychologist-dr-fuschia-sirois"
"e4a10cdfab5a80fc8312c3bde063bf01","how-to-overcome-procrastination-by-psychologist-dr-fuschia-sirois",,5,"I just completed the course and it was a game-changer. It's practical, concise and not overwhelming. Biggest lesson? Procrastination is emotional and self-compassion is key. Highly recommend     (5)Ana Maria G.8 months ago","2025-03-10",,"https://selftalk.space/journey/how-to-overcome-procrastination-by-psychologist-dr-fuschia-sirois"
"48e2b17674c781835afa0f971f6e8eb4","how-to-overcome-procrastination-by-psychologist-dr-fuschia-sirois",,5,"This journey on procrastination was very insightful for me. I realized that, for me, procrastination often comes from an overwhelming to-do list. Sometimes, it‚Äôs the only way my mind and body force me to rest. This perspective makes me think more about how I intend to plan my work and rest time in the future.     (5)Mihaela T.9 months ago","2025-02-10",,"https://selftalk.space/journey/how-to-overcome-procrastination-by-psychologist-dr-fuschia-sirois"
"de138b1ea7d27052a637147248e8efd9","how-to-overcome-procrastination-by-psychologist-dr-fuschia-sirois",,5,"In this journey I faced my fear of being judged by others. I ended it but telling myself - yes, others will judge me and there is nothing o can do about it. It‚Äôs not in my control! It really made me reflect on why am  I so afraid of other‚Äôs judgment!     (5)Elena O.9 months ago","2025-02-10",,"https://selftalk.space/journey/how-to-overcome-procrastination-by-psychologist-dr-fuschia-sirois"
"03a1b6a42fb7e228e50dde270ebebba9","how-to-leave-work-at-work-and-enjoy-family-time-by-psychologist-dr-brent-bounds",,5,"It took me a while to figure out the transition ritual but it was worth the time invested!     (5)Ele J.5 months ago","2025-06-10",,"https://selftalk.space/journey/how-to-leave-work-at-work-and-enjoy-family-time-by-psychologist-dr-brent-bounds"
"de3bf76b863c823ee997df62864bbbd5","how-to-leave-work-at-work-and-enjoy-family-time-by-psychologist-dr-brent-bounds",,4,"Focus on what you can control. The session talks about enjoying family time, but it speaks from a parent perspective. This takes away other forms of family. Otherwise, I enjoyed the session.     (4)Andre B.6 months ago","2025-05-10",,"https://selftalk.space/journey/how-to-leave-work-at-work-and-enjoy-family-time-by-psychologist-dr-brent-bounds"
"39930425a8054cbda2ae86ba44c55a55","how-to-leave-work-at-work-and-enjoy-family-time-by-psychologist-dr-brent-bounds",,5,"What I realized is that I don't really have a defined conscious role that I take at home, which causes me pain.     (5)Viorica V.6 months ago","2025-05-10",,"https://selftalk.space/journey/how-to-leave-work-at-work-and-enjoy-family-time-by-psychologist-dr-brent-bounds"
"f6556657fe22bddad018fb2110188990","how-to-build-a-habit-that-sticks-organization-psychologist-iustina-armasu",,5,"The 2 minute version of the habit I wanted to adopt got me even more excited about adopting it. Loved it!     (5)Patrick H.5 months ago","2025-06-10",,"https://selftalk.space/journey/how-to-build-a-habit-that-sticks-organization-psychologist-iustina-armasu"
"a42d91bcb6a483345123a2caf9c6a3b9","how-to-build-a-habit-that-sticks-organization-psychologist-iustina-armasu",,5,"Wow - great questions to reflect on! I did it on the habit of having uninterrupted deep work sessions to create content (write, film, reflect). First it was so insightful to understand why i want this habit, second what to link it to - the cue and third, what is the 2 minute version of this habit! Totally loved the train of thought.     (5)Ele J.7 months ago","2025-04-10",,"https://selftalk.space/journey/how-to-build-a-habit-that-sticks-organization-psychologist-iustina-armasu"
"63873f46f6c91bbe84aed30406415ccc","how-to-build-a-habit-that-sticks-organization-psychologist-iustina-armasu",,5,"A very interesting journey. 
The most insightful points for me were the fact that building a habit can take between 18 and 254 days, and it also was important to acknowledge that it would be a good idea to reward myself each time I stick to my habit.     (5)Mihaela T.7 months ago","2025-04-10",,"https://selftalk.space/journey/how-to-build-a-habit-that-sticks-organization-psychologist-iustina-armasu"
"718f238537e84ed02f1ba9737067fc5c","how-to-communicate-my-needs-at-work-by-psychologist-dorina-vasilache",,5,"Didn‚Äôt expect it to go this deep into unmet needs! So insightful!     (5)Ele J.4 months ago","2025-07-10",,"https://selftalk.space/journey/how-to-communicate-my-needs-at-work-by-psychologist-dorina-vasilache"
"63dfaf97b84e3d6a15baa29489107108","how-to-communicate-my-needs-at-work-by-psychologist-dorina-vasilache",,5,"I didn‚Äôt realize this need for safety is affecting me to such a degree! Also, trying to meet it from a parent position was making things worse! Looking at this need from an adult position really changed my attitude.     (5)Ele J.5 months ago","2025-06-10",,"https://selftalk.space/journey/how-to-communicate-my-needs-at-work-by-psychologist-dorina-vasilache"
"58b894741294b90a8c11b3804b336c1d","how-to-communicate-my-needs-at-work-by-psychologist-dorina-vasilache",,5,"I realized that my immediate reaction when my need for autonomy is not fulfilled is¬†to leave - didn't see it before.     (5)Viorica V.6 months ago","2025-05-10",,"https://selftalk.space/journey/how-to-communicate-my-needs-at-work-by-psychologist-dorina-vasilache"
"0fd85e4972d87b551d78d68f46a03afe","how-to-deal-with-negative-feedback-at-work-by-jocelyn-tomaka",,5,"It was great to make a difference between the feedback and the way I interpret the feedback!     (5)Ele J.5 months ago","2025-06-10",,"https://selftalk.space/journey/how-to-deal-with-negative-feedback-at-work-by-jocelyn-tomaka"
"1fe7b025fe402a80731d0d2ce196522b","how-to-deal-with-negative-feedback-at-work-by-jocelyn-tomaka",,5,"Finding your sphere of influence greatly helps in regulating your emotions around feedback given in the workplace!     (5)Alex K.6 months ago","2025-05-10",,"https://selftalk.space/journey/how-to-deal-with-negative-feedback-at-work-by-jocelyn-tomaka"
"3e4a792b2642a9a17c1fc589467ddd72","leading-myself-before-i-lead-others-by-psychologist-dr-ozge-kantas",,5,"Thank you very much, Dr. √ñzge. This session was truly eye-opening - it made me realize that genuine leadership begins with learning to understand, guide, and take responsibility for myself before I can lead others.     (5)Denis C.2 months ago","2025-09-10",,"https://selftalk.space/journey/leading-myself-before-i-lead-others-by-psychologist-dr-ozge-kantas"
"1112c0748fb10cf26d05039a00139b3a","leading-myself-before-i-lead-others-by-psychologist-dr-ozge-kantas",,5,"This journey reminded me yet again that each person should be allowed to make their own decisions (even wrong ones).     (5)Jon G.2 months ago","2025-09-10",,"https://selftalk.space/journey/leading-myself-before-i-lead-others-by-psychologist-dr-ozge-kantas"
"edb6552d639926c35f411318a5d07a05","leading-myself-before-i-lead-others-by-psychologist-dr-ozge-kantas",,5,"I learned that my fears and desires are two sided of the same coin and fulfilling my needs are a way to understand if I act out of fear or out of desire     (5)Tina A.2 months ago","2025-09-10",,"https://selftalk.space/journey/leading-myself-before-i-lead-others-by-psychologist-dr-ozge-kantas"
"8d22c9c0e77b9e99766abf8e0aad7621","leading-myself-before-i-lead-others-by-psychologist-dr-ozge-kantas",,5,"This session helped me realise I have an unmet need for autonomy. I am still reflecting on the insights. Great instrospection!     (5)Patrick H.2 months ago","2025-09-10",,"https://selftalk.space/journey/leading-myself-before-i-lead-others-by-psychologist-dr-ozge-kantas"
"425d6fa22407c7fc367fa99ef7eb6655","leading-myself-before-i-lead-others-by-psychologist-dr-ozge-kantas",,5,"I've realized I have a struggle with delegation and it made me feel that it‚Äôs ok to delegate to people to help me solving things.     (5)Iapara C.4 months ago","2025-07-10",,"https://selftalk.space/journey/leading-myself-before-i-lead-others-by-psychologist-dr-ozge-kantas"
"c5a3fdcb0cbe222a2f872cd4cde1ac7f","leading-myself-before-i-lead-others-by-psychologist-dr-ozge-kantas",,5,"Thank you for guiding me through the process. At first, it felt confusing and hard, but step by step, I saw that it‚Äôs actually üòÄ simple and easy.     (5)Corina E.4 months ago","2025-07-10",,"https://selftalk.space/journey/leading-myself-before-i-lead-others-by-psychologist-dr-ozge-kantas"
"70cda10488505e5a00f69e4bff454b81","leading-myself-before-i-lead-others-by-psychologist-dr-ozge-kantas",,5,"Un lider nu le poate face pe toate, de multe ori poate avea e»ôec »ôi nu mereu ii pot √ÆmpƒÉca pe to»õi. 
Am nevoie sa am mai multƒÉ √Æncredere in mine »ôi for»õele proprii     (5)Varvara P.4 months ago","2025-07-10",,"https://selftalk.space/journey/leading-myself-before-i-lead-others-by-psychologist-dr-ozge-kantas"
"7f5e1991f73290aea3944094285d764d","leading-myself-before-i-lead-others-by-psychologist-dr-ozge-kantas",,5,"This was very insightful.     (5)Svetlana B.4 months ago","2025-07-10",,"https://selftalk.space/journey/leading-myself-before-i-lead-others-by-psychologist-dr-ozge-kantas"
"84b9d4c7e2831462472209328592143c","leading-myself-before-i-lead-others-by-psychologist-dr-ozge-kantas",,5,"The need of trading is something I have to work on.     (5)Carolina B.4 months ago","2025-07-10",,"https://selftalk.space/journey/leading-myself-before-i-lead-others-by-psychologist-dr-ozge-kantas"
"d5250c6eb90ebed54110cbc7e18861de","leading-myself-before-i-lead-others-by-psychologist-dr-ozge-kantas",,5,"I understood my autonomy was affected! 
I identified I had a limiting belief that I need to manage everyone‚Äôs emotions and I was trading autonomy to superficially feel competent.     (5)Patrick H.5 months ago","2025-06-10",,"https://selftalk.space/journey/leading-myself-before-i-lead-others-by-psychologist-dr-ozge-kantas"
"009d3a36b9950f0664d50665d6a30935","leading-myself-before-i-lead-others-by-psychologist-dr-ozge-kantas",,5,"I realize this is empowering for me and others in my team once I am clear about ""what I want""  versus ""what I am afraid"", and focus on my psychological needs equally instead of sacrificing one for another. I am amazed by how the answers are within me already! If only I could give 6 stars instead of 5 :)     (5)Ozge K.6 months ago","2025-05-10",,"https://selftalk.space/journey/leading-myself-before-i-lead-others-by-psychologist-dr-ozge-kantas"
"05c4e666ae6414052c1fec2ea63e6790","leading-myself-before-i-lead-others-by-psychologist-dr-ozge-kantas",,5,"Learned better about how to be ok with not being perfect. Leadership is best when it‚Äôs authentic and when it comes from within.     (5)Alex K.6 months ago","2025-05-10",,"https://selftalk.space/journey/leading-myself-before-i-lead-others-by-psychologist-dr-ozge-kantas"
"b510007f7d41ec2953ea7a791ca74a3d","leading-myself-before-i-lead-others-by-psychologist-dr-ozge-kantas",,5,"""My wife is my greatest resource for becoming a great leader."" This was not something I previously realized in my efforts to become a leader. I struggle with not having everyone's voice magnified in a group setting, which then doesn't allow me to be autonomous.

Such a wonderful app that everyone should try whether or not you think you need therapy.     (5)Carter H.6 months ago","2025-05-10",,"https://selftalk.space/journey/leading-myself-before-i-lead-others-by-psychologist-dr-ozge-kantas"
"c99b46a5f5f66451661d6d55dc0a06db","leading-myself-before-i-lead-others-by-psychologist-dr-ozge-kantas",,5,"I identified I have a believe that as a leader I need to have my act together all the time. And whenever I don‚Äôt feel like I have it - o tent to isolate myself. Going through this journey helped me learn about my needs as a leader and how this limiting belief is affecting my need for competence! Great insight!     (5)Ele J.6 months ago","2025-05-10",,"https://selftalk.space/journey/leading-myself-before-i-lead-others-by-psychologist-dr-ozge-kantas"
"6802164826de572eaa67d3c34ad54bf8","how-to-deal-with-anxiety-by-psychologist-gabriela-ghergut",,5,"I went deeper than I thought in this session. It left me surprised with what I found! 
Also, it helped me gain clarity on what action I should take next!     (5)Elena O.12 days ago","2025-10-29",,"https://selftalk.space/journey/how-to-deal-with-anxiety-by-psychologist-gabriela-ghergut"
"114e578d310602e7f664de94c8189a24","how-to-deal-with-anxiety-by-psychologist-gabriela-ghergut",,5,"Thanks to this journey, I have a better understanding of where my anxiety and stress comes from. I didn‚Äôt think I was someone who doesn‚Äôt deal too much with with anxiety but being prepared for it when it enters my life will be so helpful for me and those around me.     (5)Carter H.5 months ago","2025-06-10",,"https://selftalk.space/journey/how-to-deal-with-anxiety-by-psychologist-gabriela-ghergut"
"16f2e3d6364dbe7a7a6587bcfaa730ed","how-to-deal-with-anxiety-by-psychologist-gabriela-ghergut",,5,"Very introspective and useful questions.     (5)Mihaela T.5 months ago","2025-06-10",,"https://selftalk.space/journey/how-to-deal-with-anxiety-by-psychologist-gabriela-ghergut"
"e07c3901a2f12b3e85d43eb1e0a302a1","how-to-deal-with-anxiety-by-psychologist-gabriela-ghergut",,5,"Amazing journey, it took me to mistakes I did in childhood and reviewing them gave me a totally new perspective on mistakes. O felt so much self-compassion! Thank you!     (5)Ele J.5 months ago","2025-06-10",,"https://selftalk.space/journey/how-to-deal-with-anxiety-by-psychologist-gabriela-ghergut"
"51b46ce25358b5cc339f288646047c09","how-to-deal-with-anxiety-by-psychologist-gabriela-ghergut",,5,"I didn't expect to go that deep into the thoughts flow. I worked on a specific case from a recent ""sort of a date"". I realized that my anxiety came from my inner fear to be rejected and left/abandoned that's why I wasn't truly myself and wasn't telling directly that I don't like the guy as potential partner. I was shocked that my need of being authentic, I don't satisfy it for myself out of this fear of ""being abandoned"", like omg...(I couldn't see directly the link between these 2 before)     (5)Viorica V.7 months ago","2025-04-10",,"https://selftalk.space/journey/how-to-deal-with-anxiety-by-psychologist-gabriela-ghergut"